INSERT INTO Account (accountID,username,[password]) VALUES ('AA01','Admin01','Admin01') 
INSERT INTO Account (accountID,username,[password]) VALUES ('AA02','Admin02','Admin02')
INSERT INTO Account (accountID,username,[password]) VALUES ('AA03','Admin03','Admin03')
INSERT INTO Account (accountID,username,[password]) VALUES ('UA01','User01','User01')
INSERT INTO Account (accountID,username,[password]) VALUES ('UA02','User02','User02')
INSERT INTO Account (accountID,username,[password]) VALUES ('UA03','User03','User03') 

INSERT INTO [Admin] ([adminID],[adminName],[adminPhone],[adminEmail],[AccountID]) VALUES ('A01','Admin01','0101','Admin01@email.com','AA01')
INSERT INTO [Admin] ([adminID],[adminName],[adminPhone],[adminEmail],[AccountID]) VALUES ('A02','Admin02','0102','Admin02@email.com','AA02')
INSERT INTO [Admin] ([adminID],[adminName],[adminPhone],[adminEmail],[AccountID]) VALUES ('A03','Admin03','0103','Admin03@email.com','AA03')

INSERT INTO Customer (customerID,customerName,customerAddress,customerEmail,customerPhone,AccountID) VALUES ('C01','Customer01','CustomerAddress01','Customer01@mail.com','0201','UA01')
INSERT INTO Customer (customerID,customerName,customerAddress,customerEmail,customerPhone,AccountID) VALUES ('C02','Customer02','CustomerAddress02',NULL,'0202','UA02')
INSERT INTO Customer (customerID,customerName,customerAddress,customerEmail,customerPhone,AccountID) VALUES ('C03','Customer03','CustomerAddress03','Customer03@mail.com','0203','UA03')
INSERT INTO Customer (customerID,customerName,customerAddress,customerEmail,customerPhone,AccountID) VALUES ('C04','Customer04','CustomerAddress04','Customer04@mail.com','0204',NULL)

INSERT INTO [Order] (orderID,customerID,totalMoney,orderDate,note) VALUES ('O01','C01',50000,'2022-02-01',NULL)
INSERT INTO [Order] (orderID,customerID,totalMoney,orderDate,note) VALUES ('O02','C02',50000,'2022-02-02',NULL)
INSERT INTO [Order] (orderID,customerID,totalMoney,orderDate,note) VALUES ('O03','C01',50000,'2022-02-03',NULL)
INSERT INTO [Order] (orderID,customerID,totalMoney,orderDate,note) VALUES ('O04','C04',50000,'2022-02-04',NULL)

INSERT INTO Accessory_Type (accessoryTypeID,AccessoryTypeName) VALUES ('M','Mouse')
INSERT INTO Accessory_Type (accessoryTypeID,AccessoryTypeName) VALUES ('K','Keyboard')
INSERT INTO Accessory_Type (accessoryTypeID,AccessoryTypeName) VALUES ('H','Headphone')
INSERT INTO Accessory_Type (accessoryTypeID,AccessoryTypeName) VALUES ('C','Chair')

INSERT INTO Accessory (accessoryID,accessoryName,accessoryTypeID,accessoryQuantity,accessoryPrice,accessoryForm, accessoryFrom) VALUES ('M01','Mouse01','M','10','5000','Form1','Logitech')
INSERT INTO Accessory (accessoryID,accessoryName,accessoryTypeID,accessoryQuantity,accessoryPrice,accessoryForm, accessoryFrom) VALUES ('M02','Mouse02','M','10','5000','Form2','Logitech')
INSERT INTO Accessory (accessoryID,accessoryName,accessoryTypeID,accessoryQuantity,accessoryPrice,accessoryForm, accessoryFrom) VALUES ('M03','Mouse03','M','10','5000','Form3','Logitech')
INSERT INTO Accessory (accessoryID,accessoryName,accessoryTypeID,accessoryQuantity,accessoryPrice,accessoryForm, accessoryFrom) VALUES ('M04','Mouse04','M','10','5000','Form4','Logitech')
INSERT INTO Accessory (accessoryID,accessoryName,accessoryTypeID,accessoryQuantity,accessoryPrice,accessoryForm, accessoryFrom) VALUES ('M05','Mouse05','M','10','5000','Form1','Razer')
INSERT INTO Accessory (accessoryID,accessoryName,accessoryTypeID,accessoryQuantity,accessoryPrice,accessoryForm, accessoryFrom) VALUES ('M06','Mouse06','M','10','5000','Form2','Razer')
INSERT INTO Accessory (accessoryID,accessoryName,accessoryTypeID,accessoryQuantity,accessoryPrice,accessoryForm, accessoryFrom) VALUES ('M07','Mouse07','M','10','5000','Form3','Razer')
INSERT INTO Accessory (accessoryID,accessoryName,accessoryTypeID,accessoryQuantity,accessoryPrice,accessoryForm, accessoryFrom) VALUES ('M08','Mouse08','M','10','5000','Form1','Corsair')
INSERT INTO Accessory (accessoryID,accessoryName,accessoryTypeID,accessoryQuantity,accessoryPrice,accessoryForm, accessoryFrom) VALUES ('M09','Mouse09','M','10','5000','Form2','Corsair')
INSERT INTO Accessory (accessoryID,accessoryName,accessoryTypeID,accessoryQuantity,accessoryPrice,accessoryForm, accessoryFrom) VALUES ('M10','Mouse10','M','10','5000','Form1','Fuhlen')
INSERT INTO Accessory (accessoryID,accessoryName,accessoryTypeID,accessoryQuantity,accessoryPrice,accessoryForm, accessoryFrom) VALUES ('K01','Keyboard01','K','10','5000','Form1','Logitech')
INSERT INTO Accessory (accessoryID,accessoryName,accessoryTypeID,accessoryQuantity,accessoryPrice,accessoryForm, accessoryFrom) VALUES ('K02','Keyboard02','K','10','5000','Form2','Logitech')
INSERT INTO Accessory (accessoryID,accessoryName,accessoryTypeID,accessoryQuantity,accessoryPrice,accessoryForm, accessoryFrom) VALUES ('K03','Keyboard03','K','10','5000','Form3','Logitech')
INSERT INTO Accessory (accessoryID,accessoryName,accessoryTypeID,accessoryQuantity,accessoryPrice,accessoryForm, accessoryFrom) VALUES ('K04','Keyboard04','K','10','5000','Form1','Razer')
INSERT INTO Accessory (accessoryID,accessoryName,accessoryTypeID,accessoryQuantity,accessoryPrice,accessoryForm, accessoryFrom) VALUES ('K05','Keyboard05','K','10','5000','Form2','Razer')
INSERT INTO Accessory (accessoryID,accessoryName,accessoryTypeID,accessoryQuantity,accessoryPrice,accessoryForm, accessoryFrom) VALUES ('K06','Keyboard06','K','10','5000','Form1','Corsair')
INSERT INTO Accessory (accessoryID,accessoryName,accessoryTypeID,accessoryQuantity,accessoryPrice,accessoryForm, accessoryFrom) VALUES ('K07','Keyboard07','K','10','5000','Form1','Fuhlen')
INSERT INTO Accessory (accessoryID,accessoryName,accessoryTypeID,accessoryQuantity,accessoryPrice,accessoryForm, accessoryFrom) VALUES ('K08','Keyboard08','K','10','5000','Form2','Fuhlen')
INSERT INTO Accessory (accessoryID,accessoryName,accessoryTypeID,accessoryQuantity,accessoryPrice,accessoryForm, accessoryFrom) VALUES ('K09','Keyboard09','K','10','5000','Form3','Fuhlen')
INSERT INTO Accessory (accessoryID,accessoryName,accessoryTypeID,accessoryQuantity,accessoryPrice,accessoryForm, accessoryFrom) VALUES ('K10','Keyboard10','K','10','5000','Form4','Fuhlen')
INSERT INTO Accessory (accessoryID,accessoryName,accessoryTypeID,accessoryQuantity,accessoryPrice,accessoryForm, accessoryFrom) VALUES ('H01','Headphone01','H','10','5000','Form1','Logitech')
INSERT INTO Accessory (accessoryID,accessoryName,accessoryTypeID,accessoryQuantity,accessoryPrice,accessoryForm, accessoryFrom) VALUES ('H02','Headphone02','H','10','5000','Form2','Logitech')
INSERT INTO Accessory (accessoryID,accessoryName,accessoryTypeID,accessoryQuantity,accessoryPrice,accessoryForm, accessoryFrom) VALUES ('H03','Headphone03','H','10','5000','Form1','Razer')
INSERT INTO Accessory (accessoryID,accessoryName,accessoryTypeID,accessoryQuantity,accessoryPrice,accessoryForm, accessoryFrom) VALUES ('H04','Headphone04','H','10','5000','Form1','Corsair')
INSERT INTO Accessory (accessoryID,accessoryName,accessoryTypeID,accessoryQuantity,accessoryPrice,accessoryForm, accessoryFrom) VALUES ('H05','Headphone05','H','10','5000','Form2','Corsair')
INSERT INTO Accessory (accessoryID,accessoryName,accessoryTypeID,accessoryQuantity,accessoryPrice,accessoryForm, accessoryFrom) VALUES ('H06','Headphone06','H','10','5000','Form3','Corsair')
INSERT INTO Accessory (accessoryID,accessoryName,accessoryTypeID,accessoryQuantity,accessoryPrice,accessoryForm, accessoryFrom) VALUES ('H07','Headphone07','H','10','5000','Form4','Asus')
INSERT INTO Accessory (accessoryID,accessoryName,accessoryTypeID,accessoryQuantity,accessoryPrice,accessoryForm, accessoryFrom) VALUES ('H08','Headphone08','H','10','5000','Form1','Asus')
INSERT INTO Accessory (accessoryID,accessoryName,accessoryTypeID,accessoryQuantity,accessoryPrice,accessoryForm, accessoryFrom) VALUES ('H09','Headphone09','H','10','5000','Form2','Asus')
INSERT INTO Accessory (accessoryID,accessoryName,accessoryTypeID,accessoryQuantity,accessoryPrice,accessoryForm, accessoryFrom) VALUES ('H10','Headphone10','H','10','5000','Form3','Asus')
INSERT INTO Accessory (accessoryID,accessoryName,accessoryTypeID,accessoryQuantity,accessoryPrice,accessoryForm, accessoryFrom) VALUES ('C01','Chair01','C','10','5000','Form1','Akracing')
INSERT INTO Accessory (accessoryID,accessoryName,accessoryTypeID,accessoryQuantity,accessoryPrice,accessoryForm, accessoryFrom) VALUES ('C02','Chair02','C','10','5000','Form2','Akracing')
INSERT INTO Accessory (accessoryID,accessoryName,accessoryTypeID,accessoryQuantity,accessoryPrice,accessoryForm, accessoryFrom) VALUES ('C03','Chair03','C','10','5000','Form3','Akracing')
INSERT INTO Accessory (accessoryID,accessoryName,accessoryTypeID,accessoryQuantity,accessoryPrice,accessoryForm, accessoryFrom) VALUES ('C04','Chair04','C','10','5000','Form1','Corsair')
INSERT INTO Accessory (accessoryID,accessoryName,accessoryTypeID,accessoryQuantity,accessoryPrice,accessoryForm, accessoryFrom) VALUES ('C05','Chair05','C','10','5000','Form1','MSI')
INSERT INTO Accessory (accessoryID,accessoryName,accessoryTypeID,accessoryQuantity,accessoryPrice,accessoryForm, accessoryFrom) VALUES ('C06','Chair06','C','10','5000','Form2','MSI')
INSERT INTO Accessory (accessoryID,accessoryName,accessoryTypeID,accessoryQuantity,accessoryPrice,accessoryForm, accessoryFrom) VALUES ('C07','Chair07','C','10','5000','Form3','MSI')


INSERT INTO Order_detail (orderID,accessoryID,quantity) VALUES ('O01','M01',2)
INSERT INTO Order_detail (orderID,accessoryID,quantity) VALUES ('O02','M02',1)
INSERT INTO Order_detail (orderID,accessoryID,quantity) VALUES ('O02','K02',2)
INSERT INTO Order_detail (orderID,accessoryID,quantity) VALUES ('O02','C03',3)
INSERT INTO Order_detail (orderID,accessoryID,quantity) VALUES ('O02','H04',4)
INSERT INTO Order_detail (orderID,accessoryID,quantity) VALUES ('O03','H01',1)
INSERT INTO Order_detail (orderID,accessoryID,quantity) VALUES ('O03','C02',2)
INSERT INTO Order_detail (orderID,accessoryID,quantity) VALUES ('O03','K03',3)
INSERT INTO Order_detail (orderID,accessoryID,quantity) VALUES ('O04','M05',5)
INSERT INTO Order_detail (orderID,accessoryID,quantity) VALUES ('O04','M05',5)


INSERT INTO Discount_Accessory (accessoryID,oldPrice,currentPrice) VALUES ('K04',50,40)
INSERT INTO Discount_Accessory (accessoryID,oldPrice,currentPrice) VALUES ('H06',50,40)
INSERT INTO Discount_Accessory (accessoryID,oldPrice,currentPrice) VALUES ('M02',50,40)
INSERT INTO Discount_Accessory (accessoryID,oldPrice,currentPrice) VALUES ('K04',50,40)
INSERT INTO Discount_Accessory (accessoryID,oldPrice,currentPrice) VALUES ('M01',50,40)
INSERT INTO Discount_Accessory (accessoryID,oldPrice,currentPrice) VALUES ('K04',50,40)
INSERT INTO Discount_Accessory (accessoryID,oldPrice,currentPrice) VALUES ('K04',50,40)
INSERT INTO Discount_Accessory (accessoryID,oldPrice,currentPrice) VALUES ('C03',50,40)
INSERT INTO Discount_Accessory (accessoryID,oldPrice,currentPrice) VALUES ('H04',50,40)
INSERT INTO Discount_Accessory (accessoryID,oldPrice,currentPrice) VALUES ('H08',50,40)